年龄,月收入（元）,月消费（元）,性别,月消费/月收入,响应
30,7275,6062,0,0.83,1
25,17739,13648,0,0.77,1
29,25736,14311,0,0.56,1
23,14162,7596,0,0.54,1
27,15563,12849,0,0.83,1
30,15765,8217,0,0.52,1
23,14286,9379,0,0.66,1
29,18770,11059,0,0.59,1
29,11861,8270,0,0.70,1
31,22969,11881,0,0.52,1
29,16134,9967,0,0.62,1
25,22017,13853,0,0.63,1
24,15278,10800,0,0.71,1
34,21546,11479,0,0.53,1
29,18210,13760,1,0.76,1
24,18497,12864,0,0.70,1
33,13222,8996,0,0.68,1
28,19809,13362,1,0.67,1
26,29511,14874,0,0.50,1
35,16009,10871,1,0.68,1
33,18723,10080,1,0.54,1
26,11660,9565,0,0.82,1
27,22312,11240,0,0.50,1
26,24985,12681,0,0.51,1
34,12708,9988,0,0.79,1
33,13095,9275,0,0.71,1
35,16409,10077,1,0.61,1
21,8359,6540,0,0.78,1
26,24626,14183,0,0.58,1
30,16388,13292,0,0.81,1
30,7564,6079,1,0.80,1
28,16004,12444,1,0.78,1
23,17546,10801,1,0.62,1
21,12838,8937,1,0.70,1
27,8674,6247,0,0.72,1
24,16466,12786,1,0.78,1
33,10718,8748,0,0.82,1
34,21297,12810,0,0.60,1
34,14678,8455,0,0.58,1
28,18631,9865,1,0.53,1
30,19633,14744,0,0.75,1
30,16868,12315,1,0.73,1
30,11378,7773,0,0.68,1
25,15798,10358,1,0.66,1
25,7612,6127,0,0.80,1
32,15267,10853,0,0.71,1
35,13093,10432,0,0.80,1
27,17770,12623,1,0.71,1
22,19371,9716,0,0.50,1
33,14610,10491,0,0.72,1
24,21958,13922,0,0.63,1
33,9467,7033,1,0.74,1
32,27121,13976,1,0.52,1
21,18219,12759,1,0.70,1
34,14444,11770,1,0.81,1
30,17457,14199,1,0.81,1
27,7725,6072,0,0.79,1
35,20080,12191,0,0.61,1
21,16630,13203,0,0.79,1
32,15898,9392,0,0.59,1
23,25466,13498,0,0.53,1
33,10360,6532,0,0.63,1
30,9540,6019,0,0.63,1
22,15110,12554,1,0.83,1
33,15491,11682,0,0.75,1
26,18906,13432,1,0.71,1
33,15071,7646,0,0.51,1
28,15047,9885,1,0.66,1
27,18665,14729,1,0.79,1
30,26253,14532,0,0.55,1
33,20450,14101,0,0.69,1
30,18736,9574,0,0.51,1
28,16660,11641,0,0.70,1
26,16585,10458,0,0.63,1
21,17234,13859,1,0.80,1
33,19338,11128,0,0.58,1
24,15464,11049,1,0.71,1
23,13373,9238,0,0.69,1
31,16592,12136,0,0.73,1
27,9795,6080,0,0.62,1
23,14887,9226,0,0.62,1
34,10544,6277,1,0.60,1
33,18114,14472,1,0.80,1
26,14421,11232,0,0.78,1
25,23605,14613,0,0.62,1
32,18741,12277,1,0.66,1
28,24981,14449,1,0.58,1
27,15883,12709,0,0.80,1
24,15166,10148,0,0.67,1
29,10869,6379,1,0.59,1
29,13085,6611,0,0.51,1
27,15529,11817,0,0.76,1
27,19816,12087,1,0.61,1
29,25791,14606,0,0.57,1
28,19710,10607,0,0.54,1
25,19258,12153,0,0.63,1
32,11696,9297,0,0.79,1
35,24231,14914,0,0.62,1
33,9867,7676,0,0.78,1
22,8181,6605,0,0.81,1
27,19267,10952,0,0.57,1
34,22254,11548,1,0.52,1
32,13859,10966,0,0.79,1
33,16683,13559,0,0.81,1
24,12370,8066,1,0.65,1
24,20762,12197,1,0.59,1
21,11097,6728,1,0.61,1
34,13621,7475,0,0.55,1
31,21876,13172,0,0.60,1
35,20196,11933,0,0.59,1
35,11707,6480,1,0.55,1
23,12254,9829,0,0.80,1
24,14268,8159,1,0.57,1
32,15113,7866,0,0.52,1
23,10346,8362,1,0.81,1
23,23305,12298,1,0.53,1
34,9491,7344,0,0.77,1
28,21295,13185,1,0.62,1
28,14168,9392,0,0.66,1
24,22674,14855,0,0.66,1
33,12346,9473,0,0.77,1
21,15466,8638,1,0.56,1
29,14316,10420,1,0.73,1
33,11381,9437,0,0.83,1
21,14678,7480,1,0.51,1
26,22294,14682,0,0.66,1
35,19339,13793,1,0.71,1
30,17406,10627,0,0.61,1
32,13099,10427,1,0.80,1
25,15384,10758,0,0.70,1
28,13959,9879,0,0.71,1
23,8612,6852,0,0.80,1
21,17073,8579,1,0.50,1
23,17135,13120,1,0.77,1
29,16970,9786,0,0.58,1
24,13115,7150,0,0.55,1
32,12891,10693,0,0.83,1
34,18904,14046,0,0.74,1
31,11801,8749,0,0.74,1
21,20637,14225,1,0.69,1
23,19166,12505,0,0.65,1
28,8529,6446,1,0.76,1
22,19096,11283,0,0.59,1
34,16248,11233,1,0.69,1
29,16244,10190,1,0.63,1
26,18049,14637,0,0.81,1
22,17891,14248,0,0.80,1
23,18187,13606,0,0.75,1
25,21090,11901,1,0.56,1
30,23599,14182,0,0.60,1
23,10623,6907,1,0.65,1
34,19238,12077,0,0.63,1
27,26613,14684,1,0.55,1
30,15777,7991,0,0.51,1
33,11966,6131,1,0.51,1
24,10853,6415,1,0.59,1
27,15632,12805,1,0.82,1
22,14248,10329,0,0.72,1
24,10696,8110,1,0.76,1
28,18118,12462,0,0.69,1
35,10180,7916,0,0.78,1
22,19273,10414,0,0.54,1
35,18440,12191,0,0.66,1
22,18237,14491,0,0.79,1
33,17661,13155,1,0.74,1
23,15072,7787,0,0.52,1
34,9441,6527,0,0.69,1
25,13948,8192,1,0.59,1
21,13984,9990,1,0.71,1
21,17711,13520,0,0.76,1
28,22671,11752,0,0.52,1
29,13840,11241,1,0.81,1
27,19502,12942,1,0.66,1
23,16877,13506,0,0.80,1
30,17815,14059,0,0.79,1
34,23828,12934,1,0.54,1
22,11663,8052,0,0.69,1
25,23136,13211,0,0.57,1
35,9720,7881,0,0.81,1
35,23090,12573,0,0.54,1
30,18489,10488,1,0.57,1
24,23018,12034,0,0.52,1
27,12541,7514,0,0.60,1
22,9785,6978,0,0.71,1
31,7947,6201,0,0.78,1
30,14341,10727,1,0.75,1
27,17459,9878,1,0.57,1
32,17130,12170,0,0.71,1
25,22948,12065,0,0.53,1
31,14868,7448,1,0.50,1
32,21120,11509,0,0.54,1
24,12257,7488,1,0.61,1
32,16569,10786,0,0.65,1
24,21511,10780,1,0.50,1
29,13899,11198,1,0.81,1
28,7913,6421,0,0.81,1
24,14299,10326,1,0.72,1
28,24805,14142,0,0.57,1
33,8832,6194,0,0.70,1
29,10391,6081,0,0.59,1
22,10067,7822,0,0.78,1
21,20747,14294,0,0.69,1
24,17662,9802,0,0.55,1
32,25238,14020,0,0.56,1
29,10598,8342,0,0.79,1
21,20471,11999,1,0.59,1
22,13389,7389,1,0.55,1
21,17801,12822,0,0.72,1
33,26355,13953,1,0.53,1
22,12267,7798,0,0.64,1
24,17005,13936,0,0.82,1
30,10726,7230,0,0.67,1
34,16212,12781,0,0.79,1
29,12454,8823,1,0.71,1
29,10931,7943,1,0.73,1
32,11723,8606,0,0.73,1
35,8713,7225,0,0.83,1
21,22516,12255,0,0.54,1
33,20430,13515,0,0.66,1
34,12868,8163,0,0.63,1
21,16664,13673,1,0.82,1
23,9140,7207,1,0.79,1
29,15804,7915,1,0.50,1
33,10975,6535,0,0.60,1
34,12537,8873,1,0.71,1
23,17928,14127,0,0.79,1
22,17637,14141,0,0.80,1
26,9618,6782,0,0.71,1
22,17123,13391,0,0.78,1
28,14340,11293,1,0.79,1
30,19275,13297,0,0.69,1
26,21844,12120,0,0.55,1
28,16040,11298,0,0.70,1
31,13861,9663,1,0.70,1
27,9648,7567,0,0.78,1
30,21070,14263,0,0.68,1
32,17871,14819,0,0.83,1
22,23394,14888,0,0.64,1
24,24161,13538,1,0.56,1
29,14231,11737,0,0.82,1
22,18462,11840,0,0.64,1
32,20003,14271,1,0.71,1
34,18674,9493,0,0.51,1
29,23867,13281,0,0.56,1
32,19249,11545,0,0.60,1
27,8279,6373,1,0.77,1
28,11671,6359,0,0.54,1
24,19202,9868,1,0.51,1
23,8499,6079,0,0.72,1
27,17681,9316,0,0.53,1
33,17376,12557,1,0.72,1
30,21106,13601,1,0.64,1
32,20121,12749,0,0.63,1
28,13700,11372,0,0.83,1
23,13231,10454,1,0.79,1
21,12231,6430,1,0.53,1
25,14477,11934,0,0.82,1
35,9545,7630,0,0.80,1
23,13115,9090,0,0.69,1
31,9133,7043,1,0.77,1
22,19662,13821,1,0.70,1
26,10371,6187,0,0.60,1
25,12655,9233,1,0.73,1
25,17410,9516,0,0.55,1
33,21862,13628,0,0.62,1
33,10198,7600,0,0.75,1
23,23550,14600,0,0.62,1
27,13282,10302,0,0.78,1
29,24184,12667,0,0.52,1
23,16431,13362,0,0.81,1
21,17527,13665,0,0.78,1
27,11922,9358,1,0.78,1
32,11315,9080,0,0.80,1
28,11863,8377,1,0.71,1
25,21396,14457,0,0.68,1
26,24487,12369,0,0.51,1
23,22900,13133,0,0.57,1
31,15175,9943,0,0.66,1
27,15951,10537,0,0.66,1
21,11057,8467,0,0.77,1
25,10247,6822,0,0.67,1
33,13269,9689,0,0.73,1
28,10938,7808,1,0.71,1
21,9460,6229,0,0.66,1
35,24117,14453,0,0.60,1
24,17151,13059,1,0.76,1
26,9941,7632,0,0.77,1
32,25001,12506,0,0.50,1
25,15986,9855,1,0.62,1
32,17710,12991,0,0.73,1
27,10316,6632,0,0.64,1
21,13055,9144,1,0.70,1
34,10839,7106,0,0.66,1
27,14457,11146,1,0.77,1
21,13128,8071,0,0.61,1
33,17904,11082,0,0.62,1
21,21336,12646,0,0.59,1
27,16052,8881,0,0.55,1
28,15537,8927,0,0.57,1
28,19737,14691,1,0.74,1
25,12794,9877,0,0.77,1
26,18181,14788,0,0.81,1
32,14288,9312,1,0.65,1
34,14138,10632,0,0.75,1
35,10773,7008,0,0.65,1
35,25389,14952,0,0.59,1
35,17370,12347,0,0.71,1
33,10924,8931,1,0.82,1
33,11331,6576,1,0.58,1
21,17184,14078,1,0.82,1
22,10580,6974,0,0.66,1
33,17474,11254,0,0.64,1
29,23427,13102,0,0.56,1
34,13699,10465,0,0.76,1
23,10770,8151,0,0.76,1
25,15630,12751,1,0.82,1
23,10284,7771,0,0.76,1
25,16361,11684,0,0.71,1
32,18609,12478,0,0.67,1
32,14038,11032,0,0.79,1
35,17902,10116,0,0.57,1
27,12602,8343,0,0.66,1
29,17328,13024,1,0.75,1
32,16240,9195,0,0.57,1
21,12876,7400,0,0.57,1
26,15809,10965,0,0.69,1
24,16512,13261,1,0.80,1
29,16828,11651,0,0.69,1
26,19438,14022,0,0.72,1
31,16586,10583,0,0.64,1
33,23958,12635,0,0.53,1
22,11897,8767,1,0.74,1
32,19380,13434,1,0.69,1
28,18073,13963,0,0.77,1
29,21190,13921,0,0.66,1
28,14980,10945,0,0.73,1
32,16984,12447,0,0.73,1
25,17644,11438,1,0.65,1
25,9724,7481,1,0.77,1
27,14839,10471,0,0.71,1
34,18261,10918,1,0.60,1
24,20802,14847,0,0.71,1
35,9869,6755,1,0.68,1
21,12443,7976,0,0.64,1
34,15142,9728,1,0.64,1
27,19615,13291,1,0.68,1
33,13493,9553,0,0.71,1
32,12033,7243,0,0.60,1
23,12607,7941,1,0.63,1
26,23466,14029,1,0.60,1
32,20276,12881,0,0.64,1
33,19036,10349,0,0.54,1
26,19278,10831,0,0.56,1
29,13907,8345,0,0.60,1
24,19753,14997,1,0.76,1
31,11474,6773,0,0.59,1
22,23806,12707,0,0.53,1
35,12564,8815,0,0.70,1
33,16903,12500,0,0.74,1
25,8852,6114,1,0.69,1
25,20512,12024,0,0.59,1
32,15784,12528,0,0.79,1
28,10299,8363,1,0.81,1
25,21014,14398,1,0.69,1
35,18365,14326,0,0.78,1
29,13673,8030,0,0.59,1
28,11711,7739,0,0.66,1
34,11058,8604,1,0.78,1
27,21563,12632,1,0.59,1
29,16793,13472,0,0.80,1
22,14967,8183,0,0.55,1
21,10923,8039,0,0.74,1
24,9999,7500,0,0.75,1
35,17507,12228,0,0.70,1
24,17213,13029,0,0.76,1
34,19796,11618,0,0.59,1
23,8623,6942,0,0.81,1
32,24944,13654,1,0.55,1
24,8402,6234,1,0.74,1
32,12714,6640,1,0.52,1
35,18426,12976,0,0.70,1
24,14600,9585,0,0.66,1
23,15064,7761,1,0.52,1
21,16963,11020,0,0.65,1
35,15326,9694,0,0.63,1
30,9223,6974,1,0.76,1
28,18493,14276,0,0.77,1
25,13996,10019,0,0.72,1
27,9734,7080,0,0.73,1
28,15093,12460,0,0.83,1
32,15707,11645,1,0.74,1
26,27034,14675,0,0.54,1
22,12028,8173,0,0.68,1
28,9136,6186,0,0.68,1
34,9331,7116,1,0.76,1
26,22817,13703,0,0.60,1
33,8161,6520,1,0.80,1
22,12711,9000,0,0.71,1
35,13323,8612,0,0.65,1
30,14569,10429,0,0.72,1
35,18860,11144,1,0.59,0
26,26563,12744,0,0.48,0
24,17468,11721,0,0.67,0
26,12576,8665,1,0.69,0
33,18545,12446,1,0.67,0
30,11593,8387,0,0.72,0
36,24627,11326,0,0.46,0
25,12130,8756,1,0.72,0
29,11577,5478,1,0.47,0
38,7700,4061,1,0.53,0
37,15379,8276,1,0.54,0
31,18355,11024,1,0.60,0
37,13880,8718,1,0.63,0
28,7532,5413,1,0.72,0
38,19709,10479,1,0.53,0
29,18772,9699,0,0.52,0
24,19349,9402,1,0.49,0
33,17982,10104,1,0.56,0
37,26996,11186,0,0.41,0
27,11851,6930,1,0.58,0
27,17361,11875,1,0.68,0
35,18186,11734,1,0.65,0
29,15106,8297,0,0.55,0
33,14538,10322,0,0.71,0
34,16963,11760,0,0.69,0
38,13564,8862,0,0.65,0
26,22596,10746,0,0.48,0
38,15204,7423,0,0.49,0
29,14108,10279,0,0.73,0
36,13721,6578,0,0.48,0
36,16965,12370,0,0.73,0
37,16547,11961,0,0.72,0
36,13156,7550,1,0.57,0
29,8972,6101,1,0.68,0
25,8128,5876,0,0.72,0
28,15088,9049,1,0.60,0
33,16098,6829,1,0.42,0
38,7562,5084,1,0.67,0
26,20225,10445,1,0.52,0
30,16320,7051,1,0.43,0
24,14213,7351,1,0.52,0
27,8753,4976,1,0.57,0
27,17004,8618,1,0.51,0
34,14824,9943,1,0.67,0
26,13948,7019,1,0.50,0
31,7453,4798,0,0.64,0
36,13505,9212,1,0.68,0
26,17810,12727,1,0.71,0
34,26821,12720,1,0.47,0
27,24085,12627,0,0.52,0
32,12751,7582,1,0.59,0
32,7469,5014,1,0.67,0
35,11576,5093,1,0.44,0
30,14842,9677,1,0.65,0
31,10306,7012,1,0.68,0
38,13118,8182,1,0.62,0
25,9226,4561,1,0.49,0
24,12760,6564,1,0.51,0
32,23633,10473,1,0.44,0
27,16531,9896,0,0.60,0
24,7749,4641,1,0.60,0
28,16177,9125,0,0.56,0
26,20080,8182,1,0.41,0
24,9213,5453,0,0.59,0
27,19203,12231,1,0.64,0
36,10900,5688,0,0.52,0
26,25660,10809,1,0.42,0
29,21621,12179,1,0.56,0
37,10575,5956,0,0.56,0
28,9992,5706,0,0.57,0
32,22867,10505,0,0.46,0
35,19859,8516,1,0.43,0
30,10089,5882,0,0.58,0
24,9096,5251,1,0.58,0
27,23756,10897,0,0.46,0
32,17546,8709,0,0.50,0
25,7872,5544,0,0.70,0
28,13149,7590,1,0.58,0
27,16060,8274,1,0.52,0
27,25413,10823,0,0.43,0
30,20154,11255,1,0.56,0
28,19809,11292,0,0.57,0
31,18953,9904,1,0.52,0
35,19871,12631,0,0.64,0
29,13509,5628,1,0.42,0
33,8693,5516,0,0.63,0
33,10119,4077,0,0.40,0
37,18316,11528,1,0.63,0
31,23238,12785,1,0.55,0
26,21308,11678,0,0.55,0
35,11384,5887,1,0.52,0
28,7246,5297,0,0.73,0
26,19035,9949,1,0.52,0
24,14749,9608,1,0.65,0
26,14311,9747,1,0.68,0
26,15353,7696,0,0.50,0
24,10032,7027,0,0.70,0
26,16127,7851,1,0.49,0
30,26702,11036,0,0.41,0
33,20814,8860,0,0.43,0
26,8863,5839,0,0.66,0
38,7782,4351,1,0.56,0
25,21142,10327,1,0.49,0
26,17347,7533,1,0.43,0
35,14983,8563,0,0.57,0
28,25372,12331,1,0.49,0
25,19919,10927,0,0.55,0
28,27639,11991,1,0.43,0
29,12087,7096,1,0.59,0
38,15899,10543,0,0.66,0
36,14566,8072,1,0.55,0
28,20130,11254,0,0.56,0
36,15511,11136,0,0.72,0
29,6575,4404,1,0.67,0
36,9668,6708,1,0.69,0
37,14905,6957,1,0.47,0
30,21783,8808,1,0.40,0
24,11132,4664,1,0.42,0
33,12402,5622,1,0.45,0
25,10192,6455,1,0.63,0
25,8832,6410,1,0.73,0
33,17638,11422,1,0.65,0
36,6188,4417,1,0.71,0
38,11664,6941,1,0.60,0
24,19584,12954,0,0.66,0
37,12792,5989,0,0.47,0
33,18770,12312,1,0.66,0
31,16329,10802,0,0.66,0
32,16109,9076,0,0.56,0
26,17362,9682,0,0.56,0
25,10348,5444,0,0.53,0
28,7986,4348,1,0.54,0
32,21749,12630,0,0.58,0
25,18348,9399,0,0.51,0
30,12305,8551,0,0.69,0
25,20702,10888,0,0.53,0
38,7264,4847,1,0.67,0
28,14930,8146,1,0.55,0
34,16340,11803,1,0.72,0
32,13340,8467,0,0.63,0
32,21326,8881,0,0.42,0
34,7091,4563,1,0.64,0
32,14079,5958,1,0.42,0
32,15592,6976,0,0.45,0
31,13188,6838,0,0.52,0
36,15719,10076,0,0.64,0
24,12408,5182,0,0.42,0
25,28852,12526,1,0.43,0
30,10775,5875,0,0.55,0
30,24144,10669,1,0.44,0
38,8558,5779,0,0.68,0
24,7538,5422,1,0.72,0
33,9986,7007,0,0.70,0
29,7079,4217,0,0.60,0
35,19105,10970,0,0.57,0
25,8537,5267,0,0.62,0
30,17197,11898,0,0.69,0
36,9401,6096,1,0.65,0
27,11788,7417,1,0.63,0
31,21406,11398,0,0.53,0
37,15338,9545,1,0.62,0
36,14537,9320,1,0.64,0
36,10613,6466,1,0.61,0
27,22562,12870,1,0.57,0
35,12318,8295,0,0.67,0
32,9204,5232,1,0.57,0
37,17763,12937,1,0.73,0
31,17187,11602,1,0.68,0
25,19121,10304,1,0.54,0
32,10680,5220,0,0.49,0
36,15163,8887,1,0.59,0
31,9984,6284,0,0.63,0
38,14729,10348,0,0.70,0
26,7486,5151,0,0.69,0
31,27700,12456,1,0.45,0
27,13248,7300,0,0.55,0
37,9916,5715,0,0.58,0
34,23188,9485,1,0.41,0
27,21963,9266,0,0.42,0
30,10659,5447,0,0.51,0
30,24591,11280,1,0.46,0
34,15235,10307,1,0.68,0
36,26298,12451,0,0.47,0
35,21876,12369,0,0.57,0
30,14314,6202,0,0.43,0
36,8619,6248,0,0.72,0
33,10931,8005,1,0.73,0
34,7819,4494,0,0.57,0
35,14906,7799,1,0.52,0
28,29572,12703,1,0.43,0
28,6704,4319,1,0.64,0
33,7689,4513,0,0.59,0
24,14674,9982,1,0.68,0
25,27459,12353,1,0.45,0
30,19735,12524,0,0.63,0
26,11625,7233,0,0.62,0
33,22772,12337,1,0.54,0
38,14435,6544,0,0.45,0
27,12831,6713,1,0.52,0
37,10968,5188,0,0.47,0
27,15457,10184,0,0.66,0
34,10016,7331,0,0.73,0
28,14907,10747,0,0.72,0
24,12243,6937,1,0.57,0
26,8999,6049,0,0.67,0
25,9214,5861,0,0.64,0
36,15980,6612,0,0.41,0
25,13469,8028,1,0.60,0
38,8440,4065,1,0.48,0
34,13642,8820,1,0.65,0
25,7755,4955,0,0.64,0
36,11604,5045,1,0.43,0
38,12294,4961,1,0.40,0
26,6585,4648,0,0.71,0
29,24180,11427,0,0.47,0
38,12385,5270,0,0.43,0
37,19112,12196,0,0.64,0
37,9965,5204,1,0.52,0
26,11262,7294,0,0.65,0
34,15422,8963,1,0.58,0
27,21203,12919,0,0.61,0
33,7325,4488,1,0.61,0
28,11587,6699,0,0.58,0
31,6648,4317,1,0.65,0
30,15117,9729,1,0.64,0
35,17945,11238,0,0.63,0
26,12991,6065,0,0.47,0
30,11063,7303,1,0.66,0
25,12299,8972,0,0.73,0
35,14934,8916,0,0.60,0
31,26143,12486,1,0.48,0
28,7071,4602,0,0.65,0
34,26453,11986,0,0.45,0
33,18647,10179,0,0.55,0
33,10503,6607,0,0.63,0
34,13198,6048,1,0.46,0
32,12186,5751,1,0.47,0
31,17964,9132,1,0.51,0
24,19029,11362,0,0.60,0
32,18643,12506,0,0.67,0
28,20408,10144,1,0.50,0
25,17152,10754,0,0.63,0
26,8093,5666,1,0.70,0
25,12755,5583,1,0.44,0
36,14440,7159,0,0.50,0
30,8882,6425,0,0.72,0
30,21185,11716,0,0.55,0
33,16903,7909,1,0.47,0
26,25599,12186,1,0.48,0
24,9210,5135,1,0.56,0
27,25861,11651,1,0.45,0
32,8902,4305,1,0.48,0
24,20033,11360,1,0.57,0
24,9692,6032,0,0.62,0
24,11430,7918,0,0.69,0
28,18399,11749,1,0.64,0
33,20438,11895,0,0.58,0
34,22750,11336,1,0.50,0
24,25762,10752,1,0.42,0
28,13646,8136,0,0.60,0
28,13977,7718,1,0.55,0
25,12190,7518,0,0.62,0
35,26408,12124,0,0.46,0
34,17988,12249,0,0.68,0
27,6522,4701,1,0.72,0
30,22177,11998,0,0.54,0
29,17700,9971,0,0.56,0
34,17526,10127,1,0.58,0
33,24860,11161,1,0.45,0
27,15981,9420,1,0.59,0
32,15488,6966,0,0.45,0
28,20435,12818,0,0.63,0
27,13171,8803,1,0.67,0
37,23105,10870,0,0.47,0
25,8381,5817,1,0.69,0
32,15666,10791,1,0.69,0
29,7217,5204,1,0.72,0
34,18367,9014,1,0.49,0
29,17153,10404,1,0.61,0
32,30591,12757,0,0.42,0
25,7489,5309,0,0.71,0
31,11398,8269,0,0.73,0
31,27223,11330,0,0.42,0
27,20760,8406,0,0.40,0
36,12797,9345,1,0.73,0
33,22016,10967,1,0.50,0
31,17082,8558,0,0.50,0
32,7689,5242,1,0.68,0
26,11294,7784,0,0.69,0
26,22101,12173,1,0.55,0
27,17265,9689,1,0.56,0
25,9998,6900,1,0.69,0
34,15064,6765,0,0.45,0
36,14469,10482,0,0.72,0
33,21797,11228,1,0.52,0
26,23640,11993,0,0.51,0
37,12300,8057,0,0.66,0
35,14575,8044,0,0.55,0
24,9560,4512,0,0.47,0
24,15396,9596,0,0.62,0
30,10213,7060,1,0.69,0
38,14654,9089,1,0.62,0
34,25534,11908,0,0.47,0
29,21852,11582,1,0.53,0
37,15902,8030,0,0.50,0
26,19518,11612,1,0.59,0
35,9710,6783,1,0.70,0
38,13422,8733,1,0.65,0
24,5844,4135,1,0.71,0
30,9493,6480,1,0.68,0
38,17920,12105,1,0.68,0
38,10873,4489,0,0.41,0
28,10430,4514,1,0.43,0
29,6642,4602,0,0.69,0
38,22988,11204,0,0.49,0
32,8993,5073,0,0.56,0
31,21625,9081,1,0.42,0
26,9971,4631,1,0.46,0
24,17216,8398,0,0.49,0
30,13189,7654,1,0.58,0
36,7341,4504,1,0.61,0
26,14337,9330,0,0.65,0
35,15598,6299,1,0.40,0
27,14520,6516,0,0.45,0
34,15356,8545,0,0.56,0
36,18283,12894,1,0.71,0
37,18377,7803,0,0.42,0
29,13000,8177,1,0.63,0
38,9675,5228,0,0.54,0
28,13878,5926,0,0.43,0
27,6460,4351,1,0.67,0
24,6886,5000,0,0.73,0
34,12513,7081,1,0.57,0
37,12721,5517,1,0.43,0
32,16083,8766,1,0.55,0
35,20900,11998,1,0.57,0
26,17278,7210,0,0.42,0
33,7667,5327,0,0.69,0
37,12179,7814,0,0.64,0
38,12808,6263,1,0.49,0
33,14995,7777,1,0.52,0
27,18613,11941,1,0.64,0
27,15650,11126,1,0.71,0
24,22485,12465,1,0.55,0
29,11071,7608,0,0.69,0
31,12228,8254,1,0.68,0
33,9004,5714,0,0.63,0
27,27415,12386,0,0.45,0
32,17348,10310,1,0.59,0
37,21907,8767,0,0.40,0
34,27803,12032,0,0.43,0
27,13442,8787,0,0.65,0
30,20234,8426,0,0.42,0
27,11209,4734,1,0.42,0
34,16624,8454,1,0.51,0
36,23638,12470,0,0.53,0
33,15329,9534,1,0.62,0
28,13408,7340,1,0.55,0
35,15613,8227,1,0.53,0
32,16709,9271,0,0.55,0
32,15445,8764,0,0.57,0
30,13838,7071,1,0.51,0
33,17974,10809,1,0.60,0
27,9911,6747,1,0.68,0
31,19329,10574,1,0.55,0
26,16068,10765,0,0.67,0
24,25539,12382,0,0.48,0
34,11445,4965,1,0.43,0
38,13081,7376,1,0.56,0
36,12067,6158,0,0.51,0
32,13033,5298,1,0.41,0
37,28901,12837,1,0.44,0
30,19490,9991,1,0.51,0
26,17184,9543,0,0.56,0
32,20151,11286,1,0.56,0
31,11670,7009,1,0.60,0
27,23168,10334,1,0.45,0
33,19622,11401,0,0.58,0
33,12636,7326,0,0.58,0
31,19856,10103,0,0.51,0
31,16242,7800,0,0.48,0
29,9036,5811,1,0.64,0
32,12860,5390,1,0.42,0
37,12314,7336,1,0.60,0
29,8726,5435,0,0.62,0
33,10770,7090,0,0.66,0
29,14100,6053,1,0.43,0
28,11466,5671,0,0.49,0
31,17418,9067,1,0.52,0
34,10077,4591,1,0.46,0
27,12688,6604,0,0.52,0
27,6787,4623,1,0.68,0
35,20637,9978,1,0.48,0
36,16004,9655,1,0.60,0
36,14736,7489,1,0.51,0
38,18494,12593,1,0.68,0
25,17469,9657,0,0.55,0
35,6456,4502,1,0.70,0
29,25520,12253,1,0.48,0
31,20412,12647,0,0.62,0
32,15642,8564,0,0.55,0
37,8927,5569,0,0.62,0
26,19894,12598,1,0.63,0
36,21724,12247,1,0.56,0
34,12717,6733,0,0.53,0
36,25272,12142,1,0.48,0
35,11403,8234,0,0.72,0
27,15738,10088,0,0.64,0
37,19106,12238,1,0.64,0
31,23505,12881,1,0.55,0
34,28270,11506,0,0.41,0
36,15581,6776,1,0.43,0
24,6924,4670,0,0.67,0
37,7003,5004,0,0.71,0
34,10486,4639,0,0.44,0
28,15356,10293,1,0.67,0
25,13695,6351,0,0.46,0
26,9501,6904,0,0.73,0
27,16168,7594,0,0.47,0
24,15154,6624,0,0.44,0
33,12985,8617,1,0.66,0
33,24353,11085,1,0.46,0
25,20306,10769,0,0.53,0
25,8873,5611,1,0.63,0
30,16898,8013,1,0.47,0
26,19332,10865,1,0.56,0
31,10534,6296,0,0.60,0
25,12556,7788,0,0.62,0
35,15132,10555,1,0.70,0
36,14654,9899,1,0.68,0
35,9553,5297,1,0.55,0
25,14779,10763,1,0.73,0
27,12207,6900,0,0.57,0
27,7632,4008,0,0.53,0
25,13588,9789,1,0.72,0
31,26800,12032,1,0.45,0
33,16402,10212,1,0.62,0
26,16131,10287,0,0.64,0
29,16731,11728,0,0.70,0
35,15198,7629,1,0.50,0
32,19673,11972,0,0.61,0
32,16800,6914,1,0.41,0
32,15142,7043,1,0.47,0
34,8500,6124,1,0.72,0
25,14819,7876,1,0.53,0
31,9221,6736,1,0.73,0
28,10751,7735,0,0.72,0
26,11032,7650,1,0.69,0
24,20497,10514,1,0.51,0
24,21665,10302,1,0.48,0
36,12437,6221,0,0.50,0
37,28955,11830,1,0.41,0
38,11023,7120,1,0.65,0
36,10742,6175,0,0.57,0
28,12749,7555,0,0.59,0
24,12976,6811,1,0.52,0
36,8395,6106,0,0.73,0
37,10173,4231,1,0.42,0
28,21359,11419,1,0.53,0
29,9626,5991,0,0.62,0
34,7383,4917,1,0.67,0
34,21100,8823,1,0.42,0
25,23192,10642,1,0.46,0
24,7317,4173,1,0.57,0
26,21694,12035,0,0.55,0
30,6461,4518,0,0.70,0
31,9972,5573,1,0.56,0
26,14262,6150,1,0.43,0
30,6648,4353,0,0.65,0
28,18329,11221,1,0.61,0
29,15619,10048,1,0.64,0
28,9541,6271,0,0.66,0
31,19115,10533,1,0.55,0
29,11317,8003,0,0.71,0
24,13692,9087,1,0.66,0
24,10152,5857,0,0.58,0
33,10405,4760,1,0.46,0
26,19086,8290,0,0.43,0
33,8204,4858,0,0.59,0
33,19252,11881,0,0.62,0
32,15227,8015,1,0.53,0
29,12779,7677,1,0.60,0
30,16480,9432,0,0.57,0
28,7300,4276,0,0.59,0
37,21467,12840,0,0.60,0
25,12357,6333,0,0.51,0
28,23563,11399,1,0.48,0
38,17005,9472,0,0.56,0
24,8154,5390,1,0.66,0
31,15673,10102,1,0.64,0
25,20281,9447,0,0.47,0
26,16816,10659,0,0.63,0
24,17068,10792,1,0.63,0
37,12404,5479,0,0.44,0
34,17386,10365,1,0.60,0
32,7924,4023,0,0.51,0
24,18918,9958,0,0.53,0
32,7088,4623,1,0.65,0
36,10174,5062,1,0.50,0
32,9201,4060,1,0.44,0
26,8349,4745,1,0.57,0
31,11222,5557,1,0.50,0
37,16430,9231,1,0.56,0
38,17935,9848,1,0.55,0
34,9389,5780,0,0.62,0
25,17371,9899,0,0.57,0
28,16640,8804,1,0.53,0
29,19017,11675,0,0.61,0
32,19961,9221,0,0.46,0
29,10369,6975,1,0.67,0
30,9644,6652,0,0.69,0
34,6164,4307,1,0.70,0
28,26643,11879,0,0.45,0
36,22689,10275,1,0.45,0
25,7395,4005,0,0.54,0
29,14398,7102,1,0.49,0
37,19391,8134,0,0.42,0
37,12926,9410,0,0.73,0
27,15663,8107,0,0.52,0
25,15361,10452,0,0.68,0
24,32391,12977,0,0.40,0
24,13821,7031,1,0.51,0
35,8397,6123,0,0.73,0
31,7548,5166,1,0.68,0
28,17572,11660,0,0.66,0
37,16011,8016,1,0.50,0
37,28804,12460,0,0.43,0
38,22734,11848,1,0.52,0
30,31581,12672,0,0.40,0
33,10778,7155,0,0.66,0
27,14701,7100,1,0.48,0
38,14742,10023,0,0.68,0
33,9306,4025,1,0.43,0
24,17740,11063,1,0.62,0
34,16984,7967,1,0.47,0
28,9812,6951,0,0.71,0
30,9376,5926,1,0.63,0
36,13079,8736,0,0.67,0
24,16620,11349,0,0.68,0
37,16209,7571,1,0.47,0
27,16960,8365,0,0.49,0
29,7588,4751,0,0.63,0
30,29253,12426,1,0.42,0
37,12440,8392,1,0.67,0
36,9290,4983,1,0.54,0
27,15187,10712,1,0.71,0
31,15545,10541,0,0.68,0
38,6320,4250,1,0.67,0
35,19410,9242,0,0.48,0
38,22001,12142,1,0.55,0
37,17524,9433,0,0.54,0
26,23691,11357,0,0.48,0
27,17469,7014,1,0.40,0
33,7556,4816,1,0.64,0
25,19774,11423,0,0.58,0
38,20835,12695,1,0.61,0
34,11486,6926,0,0.60,0
38,14812,9340,1,0.63,0
30,15456,10595,1,0.69,0
30,17684,11643,1,0.66,0
25,9483,6020,1,0.63,0
30,11918,7976,0,0.67,0
31,16417,9113,0,0.56,0
33,28393,11648,1,0.41,0
35,23150,11842,1,0.51,0
29,9345,4227,0,0.45,0
28,6952,4874,0,0.70,0
30,12643,6493,1,0.51,0
33,23948,11299,0,0.47,0
26,12813,5471,1,0.43,0
29,8354,5971,1,0.71,0
38,16661,11330,0,0.68,0
37,21459,9676,1,0.45,0
31,17528,12467,1,0.71,0
33,10576,7558,0,0.71,0
33,14662,8711,0,0.59,0
32,7270,4190,1,0.58,0
37,23233,10902,1,0.47,0
26,13937,8688,1,0.62,0
32,8027,4126,0,0.51,0
28,8683,5868,1,0.68,0
38,18171,7862,0,0.43,0
28,9134,5207,1,0.57,0
34,14387,7009,1,0.49,0
30,14759,6767,1,0.46,0
35,8916,6395,0,0.72,0
35,6618,4786,0,0.72,0
32,11362,6630,0,0.58,0
26,9771,6188,1,0.63,0
31,22190,10514,0,0.47,0
25,14373,7647,1,0.53,0
33,17415,7166,0,0.41,0
27,10415,7541,1,0.72,0
29,7566,5080,1,0.67,0
33,12183,8261,1,0.68,0
25,26766,10871,1,0.41,0
34,19751,8363,1,0.42,0
31,6312,4143,0,0.66,0
31,12078,8126,1,0.67,0
32,21576,10684,0,0.50,0
